id,project_id,name,expense_date,cost,price,quantity,approved,billable,notes,person_id,expense_category,created_by,updated_by,created_at,updated_at,part_of_fixed_price,phase_id
11252,45132,Græs på Aarhus Hovedbanegård,2019-05-24,7000.0,,1.0,True,False,"{""blocks"":[{""key"":""3k8hm"",""text"":"""",""type"":""unstyled"",""depth"":0,""inlineStyleRanges"":[],""entityRanges"":[],""data"":{}}],""entityMap"":{}}",179430.0,15824,179430,179430,2019-06-03T14:58:43Z,2019-06-03T14:58:43Z,,
11253,45132,Græs på København H,2019-05-27,8944.0,,1.0,True,False,,179430.0,15824,179430,179430,2019-06-03T15:02:25Z,2019-06-03T19:59:17Z,,
11254,45132,Print af plakater og labels,2019-05-21,5988.0,,1.0,True,False,,179430.0,15824,179430,179430,2019-06-03T15:05:31Z,2019-06-03T15:05:31Z,,
11255,45132,Kunstgræs til photoshoot,2019-05-03,559.0,,1.0,True,False,,179430.0,15824,179430,179430,2019-06-03T15:07:25Z,2019-06-03T15:07:25Z,,
11257,45132,Kaospiloterne - event på Aarhus H,2019-06-03,10000.0,,1.0,True,False,,179430.0,15824,179430,179430,2019-06-03T15:17:44Z,2019-06-03T15:20:42Z,,
11269,45132,Skuespiller til kampagnefilm,2019-05-15,5000.0,,1.0,True,False,"{""blocks"":[{""key"":""c1e0j"",""text"":""Kampagnefilm"",""type"":""unstyled"",""depth"":0,""inlineStyleRanges"":[],""entityRanges"":[],""data"":{}}],""entityMap"":{}}",179430.0,15824,179430,179430,2019-06-03T20:02:13Z,2019-06-03T20:02:13Z,,
11270,45132,Instruktion og klip af kampagnefilm (Christian Weinberg) ,2019-05-20,14000.0,,1.0,True,False,,179430.0,15824,179430,179430,2019-06-03T20:04:09Z,2019-06-03T20:04:09Z,,
11271,45132,Rekvisitter til reklamefilm,2019-05-13,651.0,,1.0,True,False,"{""blocks"":[{""key"":""6c4ui"",""text"":""Tøj i H&M"",""type"":""unstyled"",""depth"":0,""inlineStyleRanges"":[],""entityRanges"":[],""data"":{}}],""entityMap"":{}}",179430.0,15824,179430,179430,2019-06-03T20:05:48Z,2019-06-03T20:05:48Z,,
11272,45132,Billeje og benzin,2019-05-13,449.0,,1.0,True,False,,179430.0,15824,179430,179430,2019-06-03T20:07:02Z,2019-06-03T20:07:02Z,,
11273,45132,Rekvisitter til kampagnefilm,2019-05-15,269.0,,1.0,True,False,"{""blocks"":[{""key"":""ecs0p"",""text"":""Køb i Starck"",""type"":""unstyled"",""depth"":0,""inlineStyleRanges"":[],""entityRanges"":[],""data"":{}}],""entityMap"":{}}",179430.0,15824,179430,179430,2019-06-03T20:08:03Z,2019-06-03T20:08:03Z,,
11274,45132,Forplejning til rullende workshop (bagels),2019-05-10,1395.0,,1.0,True,False,"{""blocks"":[{""key"":""3mal"",""text"":""Bemærk der er to gange bagels betaling"",""type"":""unstyled"",""depth"":0,""inlineStyleRanges"":[],""entityRanges"":[],""data"":{}}],""entityMap"":{}}",179430.0,15824,179430,179430,2019-06-03T20:17:07Z,2019-06-03T20:17:07Z,,
11275,45132,Forplejning til workshop hos DSB (bagels),2019-05-10,1100.0,,1.0,True,False,,147429.0,15824,179430,179430,2019-06-03T20:18:05Z,2019-06-03T20:18:05Z,,
11276,45132,Leje af udstyr til kampagnefilm,2019-05-15,1704.0,,1.0,True,False,,179430.0,15824,179430,179430,2019-06-03T20:34:17Z,2019-06-03T20:34:17Z,,
11277,45132,Gavekort til modeller til photoshoot,2019-06-03,820.0,,1.0,True,False,,179430.0,15824,179430,179430,2019-06-03T20:56:42Z,2019-06-03T20:56:42Z,,
11321,45132,Julius filmer workshop i tog,2019-05-10,2000.0,,1.0,True,False,,179430.0,15824,179430,179430,2019-06-05T07:18:47Z,2019-06-05T07:18:47Z,,
11355,50677,Billet til Copenhagen Rose Festical (brugertest),2019-05-16,220.0,,1.0,True,False,,179430.0,15824,179430,179430,2019-06-05T14:56:53Z,2019-06-05T14:57:15Z,,
12337,45132,Gavekort til vurderingspanel,2019-07-03,14500.0,,1.0,True,False,,179430.0,15824,179430,179430,2019-07-03T11:30:23Z,2019-07-03T11:30:23Z,,
12338,45132,Rullegræs og udstyr til afslutningsevent,2019-07-03,14000.0,,1.0,True,False,,179430.0,15824,179430,179430,2019-07-03T11:31:32Z,2019-07-03T11:31:32Z,,
12490,45132,Speak til film v. Kristian Selch,2019-07-09,1875.0,,1.0,True,False,"{""blocks"":[{""key"":""68ng"",""text"":"""",""type"":""unstyled"",""depth"":0,""inlineStyleRanges"":[],""entityRanges"":[],""data"":{}}],""entityMap"":{}}",147429.0,15824,147429,147429,2019-07-09T13:54:00Z,2019-07-09T13:54:00Z,,
12824,45132,Leje af Challenge-platform,2019-07-17,35000.0,,1.0,True,False,"{""blocks"":[{""key"":""2tf8s"",""text"":"""",""type"":""unstyled"",""depth"":0,""inlineStyleRanges"":[],""entityRanges"":[],""data"":{}}],""entityMap"":{}}",147429.0,15824,147429,147429,2019-07-17T12:53:15Z,2019-07-17T12:53:15Z,,
12994,32582,WooCommerce for MultiSite,2019-07-22,2354.65,,1.0,True,False,,147429.0,15824,147429,147429,2019-07-22T12:30:52Z,2019-07-22T12:31:04Z,,
13070,45132,Print af plakater til afslutningsevent,2019-06-27,1018.0,,1.0,True,False,"{""blocks"":[{""key"":""5r2nl"",""text"":"""",""type"":""unstyled"",""depth"":0,""inlineStyleRanges"":[],""entityRanges"":[],""data"":{}}],""entityMap"":{}}",179430.0,15824,179430,179430,2019-07-24T10:16:16Z,2019-07-24T10:16:16Z,,
13507,59547,Migreringsværktøj,2019-08-05,950.0,1045.0,1.0,True,True,,169261.0,15824,147429,147429,2019-08-05T10:21:01Z,2019-08-05T10:21:01Z,True,
15626,51056,Incentives til studerende,2019-10-03,137.0,,1.0,True,False,,169477.0,15824,179430,179430,2019-10-03T13:48:41Z,2019-10-03T13:48:41Z,,
15896,73513,iOS Design Kit,2019-10-11,1658.0,,1.0,True,False,"{""blocks"":[{""key"":""57lsa"",""text"":""Designkit til Figma vi også kan bruge til andre projekter til hurtigt at prototype et interface."",""type"":""unstyled"",""depth"":0,""inlineStyleRanges"":[],""entityRanges"":[],""data"":{}}],""entityMap"":{}}",179430.0,15824,179430,179430,2019-10-13T10:09:51Z,2019-10-13T10:09:51Z,,
15897,73513,Licens til Figma 3 personer,2019-10-11,304.0,,1.0,True,False,,179430.0,15824,179430,179430,2019-10-13T10:10:30Z,2019-10-13T10:10:30Z,,
16343,76410,Forplejning,2019-10-28,277.0,277.0,1.0,True,True,,169260.0,15824,169260,169260,2019-10-28T08:58:08Z,2019-11-13T12:47:02Z,True,
16344,76410,Tog til Helsingør og Roskilde,2019-10-28,648.0,648.0,1.0,True,True,,169260.0,15824,169260,169260,2019-10-28T08:59:32Z,2019-11-13T12:47:07Z,True,
16345,76410,Teleprompter leje,2019-10-28,2285.0,2285.0,1.0,True,True,,169260.0,15824,169260,169260,2019-10-28T09:10:25Z,2019-12-02T15:39:45Z,True,
16869,76410,Licenser,2019-11-06,0.0,,1.0,True,True,,169260.0,15824,169260,169260,2019-11-06T13:02:15Z,2019-11-13T12:47:21Z,True,
16870,76410,Honorar til eksperter,2019-11-30,3000.0,3000.0,5.0,True,True,,169260.0,15824,169260,169260,2019-11-06T13:02:51Z,2019-12-03T11:53:16Z,True,
16871,76410,Julius,2019-11-30,1200.0,1200.0,5.0,True,True,,169260.0,15824,169260,169260,2019-11-06T13:05:22Z,2019-12-02T15:38:28Z,True,
16872,76410,Teis tonemester til videooptagelser,2019-12-20,700.0,700.0,5.0,True,True,,169260.0,15824,169260,169260,2019-11-06T13:08:38Z,2019-12-03T11:50:38Z,True,
16873,76410,Teis tonemester til efterarbejde,2019-12-20,20000.0,20000.0,1.0,True,True,,169260.0,15824,169260,169260,2019-11-06T13:11:26Z,2019-12-03T11:50:38Z,True,
16874,76410,Redigering,2019-12-20,20000.0,20000.0,1.0,True,True,,169260.0,15824,169260,169260,2019-11-06T13:24:04Z,2019-12-03T11:50:38Z,True,
17145,34662,Julius optagelser,2019-11-13,8000.0,,1.0,True,False,,169260.0,15824,169260,169260,2019-11-13T11:21:45Z,2019-11-13T11:48:51Z,,
17153,82525,Sofies deltagelse,2019-11-13,3000.0,3000.0,1.0,True,True,,169260.0,15824,169260,169260,2019-11-13T15:11:55Z,2019-11-13T15:11:55Z,True,
17155,82526,Norf Studio produktion,2019-11-13,14000.0,14000.0,1.0,True,True,,169260.0,15824,169260,169260,2019-11-13T15:34:32Z,2019-11-13T15:34:32Z,True,
17845,76410,Udstyr til videooptagelser,2019-12-02,1500.0,1500.0,5.0,True,True,,169260.0,15824,169260,169260,2019-12-02T15:40:19Z,2019-12-02T15:40:19Z,True,
17874,76410,Teis Tonemester honorar til VO,2019-12-02,700.0,700.0,4.0,True,True,,169260.0,15824,169260,169260,2019-12-02T16:11:41Z,2019-12-11T11:37:41Z,True,
17875,76410,Udstyrsleje VO,2019-12-02,800.0,800.0,4.0,True,True,,169260.0,15824,169260,169260,2019-12-02T16:12:14Z,2019-12-11T11:37:50Z,True,
18125,73513,Figma licens november,2019-11-11,611.0,,1.0,True,False,,179430.0,15824,179430,179430,2019-12-05T12:38:40Z,2019-12-05T12:38:40Z,,
18126,73513,Typeform licens oktober,2019-10-23,418.5,,1.0,True,False,,179430.0,15824,179430,179430,2019-12-05T12:39:57Z,2019-12-05T12:40:04Z,,
18127,73513,Typeform licens november,2019-11-23,418.5,,1.0,True,False,,179430.0,15824,179430,179430,2019-12-05T12:40:52Z,2019-12-05T12:40:52Z,,
18128,73513,Forplejning,2019-11-04,270.0,,1.0,True,False,,179430.0,15824,179430,179430,2019-12-05T12:42:00Z,2019-12-05T12:42:00Z,,
18129,73513,Forplejning,2019-11-06,160.0,,1.0,True,False,,179430.0,15824,179430,179430,2019-12-05T12:42:24Z,2019-12-05T12:42:24Z,,
18369,83254,"Honorar, Norf Studio",2019-12-12,18000.0,18000.0,1.0,True,True,,147429.0,15824,147429,147429,2019-12-12T13:28:43Z,2019-12-12T13:28:43Z,True,
18582,83241,FullCalendar licens,2019-12-18,605.0,756.25,1.0,True,True,,147429.0,15824,147429,147429,2019-12-19T12:23:28Z,2019-12-19T12:23:28Z,True,
18584,83241,Calendly licens,2019-12-20,646.0,1200.0,1.0,True,True,"{""blocks"":[{""key"":""9ro8k"",""text"":""Ikke købt endnu"",""type"":""unstyled"",""depth"":0,""inlineStyleRanges"":[],""entityRanges"":[],""data"":{}}],""entityMap"":{}}",147429.0,15824,147429,147429,2019-12-19T12:24:14Z,2019-12-20T14:15:09Z,True,
18585,81821,2 stk. domænenavne,2019-12-19,500.0,625.0,2.0,True,True,,147429.0,15824,147429,147429,2019-12-19T12:25:51Z,2019-12-19T12:25:51Z,True,
19517,90158,Julius honorar + udstyr,2020-01-21,3500.0,3500.0,1.0,True,True,,169260.0,15824,169260,169260,2020-01-21T09:12:53Z,2020-01-21T09:12:53Z,True,
19519,82526,Animations,2020-01-21,3000.0,,0.0,True,False,,169258.0,15824,169258,169258,2020-01-21T10:04:49Z,2020-01-21T10:05:54Z,,
19520,82526,Hotel,2020-01-21,2151.0,2151.0,1.0,True,True,,169258.0,15824,169258,169258,2020-01-21T10:05:45Z,2020-01-21T10:05:45Z,True,
19521,82526,Animation,2020-01-21,3000.0,3000.0,1.0,True,True,,169258.0,15824,169258,169258,2020-01-21T10:06:57Z,2020-01-21T10:06:57Z,True,
19640,90158,Teis Zoom udlejning,2020-01-24,531.25,531.25,1.0,True,True,,169260.0,15824,169260,169260,2020-01-24T09:55:42Z,2020-01-24T09:55:42Z,True,
20893,93276,Wordpress theme $61,2020-02-28,416.0,832.0,1.0,True,True,"{""blocks"":[{""key"":""5d75k"",""text"":""$61 Wordpress theme"",""type"":""unstyled"",""depth"":0,""inlineStyleRanges"":[],""entityRanges"":[],""data"":{}}],""entityMap"":{}}",256767.0,15824,256767,169260,2020-02-28T13:43:17Z,2020-03-02T09:36:55Z,True,
20987,93276,Julius honorar til video produktion,2020-03-02,8000.0,9000.0,1.0,True,True,,169260.0,15824,169260,169260,2020-03-02T09:36:41Z,2020-03-02T09:36:47Z,True,
20988,96204,Julius Honorar,2020-03-02,9000.0,9000.0,1.0,True,True,,169260.0,15824,169260,169260,2020-03-02T09:39:00Z,2020-03-02T09:39:00Z,True,
20989,96204,Kamera leje,2020-03-02,600.0,600.0,1.0,True,True,,169260.0,15824,169260,169260,2020-03-02T09:39:28Z,2020-03-02T09:39:28Z,True,
21587,95307,Usability Hub engangslicens,2020-03-14,338.43,,1.0,True,False,"{""blocks"":[{""key"":""1oi77"",""text"":"""",""type"":""unstyled"",""depth"":0,""inlineStyleRanges"":[],""entityRanges"":[],""data"":{}}],""entityMap"":{}}",179430.0,15824,179430,179430,2020-03-19T10:24:52Z,2020-03-19T10:24:52Z,,
21959,32582,Something,,1000.0,,1.0,True,True,,,15824,231023,231023,2020-04-01T08:08:06Z,2020-04-01T08:08:06Z,True,
27758,119293,Norf,2020-09-10,14000.0,28000.0,1.0,True,True,"{""blocks"":[{""key"":""d4ajs"",""text"":"""",""type"":""unstyled"",""depth"":0,""inlineStyleRanges"":[],""entityRanges"":[],""data"":{}}],""entityMap"":{}}",147429.0,15824,147429,147429,2020-08-25T13:51:19Z,2020-08-25T13:51:26Z,True,
28038,117668,Lyddesign til animationsvideoer,2020-08-30,2500.0,,1.0,True,False,"{""blocks"":[{""key"":""ducm9"",""text"":""Pris eks. moms"",""type"":""unstyled"",""depth"":0,""inlineStyleRanges"":[],""entityRanges"":[],""data"":{}}],""entityMap"":{}}",179430.0,15824,179430,179430,2020-08-30T18:38:36Z,2020-08-30T20:04:57Z,,
29699,117668,Klipning af sammendragsvideo (Honorar til Julius,2020-09-21,6000.0,6000.0,1.0,True,True,,179430.0,15824,179430,179430,2020-09-24T20:31:23Z,2020-09-24T20:31:23Z,True,
29837,117668,Ekstra honorar til Julius,2020-09-28,2500.0,,1.0,True,False,,179430.0,15824,179430,179430,2020-09-28T09:14:34Z,2020-09-28T09:14:34Z,,
31471,117522,Julius interview-videoer,2020-10-22,3000.0,3000.0,1.0,False,True,,147429.0,15824,147429,147429,2020-10-22T15:52:13Z,2020-10-22T15:52:13Z,True,314530.0
31951,127230,Køb af template,2020-10-29,511.0,,1.0,True,False,,179430.0,15824,179430,179430,2020-10-29T11:00:49Z,2020-10-29T11:00:49Z,,345398.0
33193,125655,Julius klipning på faktura,2020-10-28,8750.0,8750.0,1.0,True,True,,147429.0,15824,147429,147429,2020-11-16T10:34:41Z,2020-11-16T10:34:41Z,True,
34637,131453,Behandling af lyd,2020-11-23,2000.0,,1.0,True,False,"{""blocks"":[{""key"":""6d994"",""text"":""Lyddesign af Syvsig Sounddesign (bemærk er to forskellige fakturaer)"",""type"":""unstyled"",""depth"":0,""inlineStyleRanges"":[],""entityRanges"":[],""data"":{}}],""entityMap"":{}}",179430.0,15824,179430,179430,2020-12-03T19:09:47Z,2020-12-03T19:09:47Z,,359736.0
34638,131463,Tekstforfatning,2020-12-03,8000.0,12000.0,1.0,True,True,"{""blocks"":[{""key"":""3dbal"",""text"":"""",""type"":""unstyled"",""depth"":0,""inlineStyleRanges"":[],""entityRanges"":[],""data"":{}}],""entityMap"":{}}",179430.0,15824,179430,179430,2020-12-03T19:28:41Z,2021-01-05T17:44:52Z,True,359782.0
35883,142015,Freelancer - Morten Menser,2020-12-28,6500.0,,1.0,True,False,,179430.0,15824,179430,179430,2020-12-28T15:09:46Z,2021-03-22T21:04:15Z,,
35945,93276,Smashballoon Instagram plugin (1 års abonnement),2020-12-29,318.0,636.0,1.0,True,True,,179430.0,15824,179430,179430,2020-12-29T19:00:33Z,2020-12-29T19:00:33Z,True,
36214,141991,Løn til Nya Hegelund,2021-01-01,1500.0,2250.0,1.0,True,True,,179430.0,15824,179430,179430,2021-01-05T10:38:00Z,2021-01-05T10:39:08Z,True,
36322,139848,Illustrationer & printbar pdf ,2021-01-06,10200.0,10200.0,1.0,True,True,"{""blocks"":[{""key"":""bj5fg"",""text"":""10 illustrationer "",""type"":""unstyled"",""depth"":0,""inlineStyleRanges"":[],""entityRanges"":[],""data"":{}},{""key"":""22fve"",""text"":""1 stk trykklar + weboptimeret PDF\n"",""type"":""unstyled"",""depth"":0,""inlineStyleRanges"":[],""entityRanges"":[],""data"":{}},{""key"":""4aqee"",""text"":""Til en samlet pris á DKK 10.200,- ex. moms "",""type"":""unstyled"",""depth"":0,""inlineStyleRanges"":[],""entityRanges"":[],""data"":{}}],""entityMap"":{}}",,15824,330962,330962,2021-01-06T13:26:54Z,2021-01-06T13:27:10Z,True,
36491,131417,Webflow plan november,2020-11-01,130.0,130.0,1.0,True,True,"{""blocks"":[{""key"":""99pr0"",""text"":"""",""type"":""unstyled"",""depth"":0,""inlineStyleRanges"":[],""entityRanges"":[],""data"":{}}],""entityMap"":{}}",179430.0,15824,179430,179430,2021-01-07T19:15:07Z,2021-01-07T19:15:07Z,True,359650.0
36492,131417,Webflow plan december,2020-12-01,130.0,130.0,1.0,True,True,"{""blocks"":[{""key"":""99pr0"",""text"":"""",""type"":""unstyled"",""depth"":0,""inlineStyleRanges"":[],""entityRanges"":[],""data"":{}}],""entityMap"":{}}",179430.0,15824,179430,179430,2021-01-07T19:15:39Z,2021-01-07T19:16:03Z,True,359650.0
36493,131417,Webflow plan januar,2021-01-01,130.0,130.0,1.0,True,True,"{""blocks"":[{""key"":""99pr0"",""text"":"""",""type"":""unstyled"",""depth"":0,""inlineStyleRanges"":[],""entityRanges"":[],""data"":{}}],""entityMap"":{}}",179430.0,15824,179430,179430,2021-01-07T19:16:07Z,2021-01-07T19:16:41Z,True,359650.0
37428,138850,Julius optagelser af 9 stk PPClinic film,2021-01-19,28712.0,60590.93,1.0,True,True,"{""blocks"":[{""key"":""9b5df"",""text"":""Sonderhave Photography fak 102"",""type"":""unstyled"",""depth"":0,""inlineStyleRanges"":[],""entityRanges"":[],""data"":{}}],""entityMap"":{}}",147429.0,15824,147429,147429,2021-01-19T17:21:22Z,2021-09-01T16:24:33Z,True,384060.0
37945,138850,Amrit Sandhu voice-over kampagne video ,2021-01-27,1500.0,2250.0,1.0,True,True,"{""blocks"":[{""key"":""do9pg"",""text"":""prisen er ca. "",""type"":""unstyled"",""depth"":0,""inlineStyleRanges"":[],""entityRanges"":[],""data"":{}}],""entityMap"":{}}",330962.0,15824,330962,330962,2021-01-27T13:26:08Z,2021-01-27T14:13:50Z,True,384060.0
37946,138850,Teis Syvsig lyddesign kampagne video,2021-01-27,2000.0,3000.0,1.0,True,True,"{""blocks"":[{""key"":""ab0vi"",""text"":""Prisen er ca."",""type"":""unstyled"",""depth"":0,""inlineStyleRanges"":[],""entityRanges"":[],""data"":{}}],""entityMap"":{}}",330962.0,15824,330962,330962,2021-01-27T13:26:49Z,2021-01-27T14:13:38Z,True,384060.0
38456,146593,Julius optagedage,2021-02-12,5850.0,7605.0,1.0,True,True,"{""blocks"":[{""key"":""e8a8o"",""text"":"""",""type"":""unstyled"",""depth"":0,""inlineStyleRanges"":[],""entityRanges"":[],""data"":{}}],""entityMap"":{}}",147429.0,15824,147429,147429,2021-02-01T12:37:34Z,2021-02-01T13:21:42Z,True,
38457,146593,Julius klippedage,2021-02-19,2000.0,2600.0,4.0,True,True,"{""blocks"":[{""key"":""euo27"",""text"":"""",""type"":""unstyled"",""depth"":0,""inlineStyleRanges"":[],""entityRanges"":[],""data"":{}}],""entityMap"":{}}",147429.0,15824,147429,147429,2021-02-01T12:38:05Z,2021-02-01T13:23:20Z,True,
38458,146593,StudyNow cut,2021-02-01,43700.0,43700.0,1.0,True,True,"{""blocks"":[{""key"":""1dh1a"",""text"":"""",""type"":""unstyled"",""depth"":0,""inlineStyleRanges"":[],""entityRanges"":[],""data"":{}}],""entityMap"":{}}",147429.0,15824,147429,147429,2021-02-01T12:44:11Z,2021-02-01T12:44:11Z,True,
38493,146593,"Marjan, 1 månedsløn",2021-02-01,5000.0,5000.0,1.0,True,True,"{""blocks"":[{""key"":""b3cb5"",""text"":"""",""type"":""unstyled"",""depth"":0,""inlineStyleRanges"":[],""entityRanges"":[],""data"":{}}],""entityMap"":{}}",147429.0,15824,147429,147429,2021-02-01T16:19:06Z,2021-02-01T16:19:06Z,True,
38494,146593,"Marjan, 7,5% af projektomsætning",2021-02-01,8193.75,8193.75,1.0,True,True,,147429.0,15824,147429,147429,2021-02-01T16:19:45Z,2021-02-01T16:19:45Z,True,
38496,146593,"Marjan, mødefee",2021-02-01,1000.0,1000.0,1.0,True,True,,147429.0,15824,147429,147429,2021-02-01T16:20:09Z,2021-02-01T16:20:09Z,True,
38586,131463,Indtaling af fortælling,2021-02-02,2500.0,3750.0,1.0,True,True,"{""blocks"":[{""key"":""7ti5e"",""text"":"""",""type"":""unstyled"",""depth"":0,""inlineStyleRanges"":[],""entityRanges"":[],""data"":{}}],""entityMap"":{}}",179430.0,15824,179430,179430,2021-02-02T16:23:06Z,2021-02-02T16:23:06Z,True,359782.0
38587,131463,Timer til Stian,2021-02-02,375.0,562.5,1.0,True,True,,179430.0,15824,179430,179430,2021-02-02T16:27:30Z,2021-02-02T16:27:30Z,True,359782.0
39203,151115,Omkostning til talent fra Dojo,2021-02-09,7000.0,12600.0,1.0,True,True,"{""blocks"":[{""key"":""djju8"",""text"":"""",""type"":""unstyled"",""depth"":0,""inlineStyleRanges"":[],""entityRanges"":[],""data"":{}}],""entityMap"":{}}",179430.0,15824,179430,179430,2021-02-09T20:40:11Z,2021-02-16T09:43:22Z,True,
39204,151115,Lyddesign,2021-02-09,750.0,1125.0,1.0,True,True,,179430.0,15824,179430,179430,2021-02-09T20:40:42Z,2021-02-09T20:40:42Z,True,
41784,142966,VBA - Nanna Nielsen,2021-02-09,6000.0,15000.0,1.0,True,True,"{""blocks"":[{""key"":""2buup"",""text"":"""",""type"":""unstyled"",""depth"":0,""inlineStyleRanges"":[],""entityRanges"":[],""data"":{}}],""entityMap"":{}}",169258.0,15824,169258,169258,2021-03-02T08:42:29Z,2021-03-02T08:57:53Z,True,
41785,142966,"Dataanalyse Python, Benjamin Rotentahl",2021-02-09,7000.0,15000.0,1.0,True,True,"{""blocks"":[{""key"":""631k2"",""text"":"""",""type"":""unstyled"",""depth"":0,""inlineStyleRanges"":[],""entityRanges"":[],""data"":{}}],""entityMap"":{}}",169258.0,15824,169258,169258,2021-03-02T08:43:52Z,2021-03-02T08:57:53Z,True,
41786,142966,Powerpoint Filip Vest,2021-02-09,6500.0,15000.0,1.0,True,True,"{""blocks"":[{""key"":""4ik9k"",""text"":"""",""type"":""unstyled"",""depth"":0,""inlineStyleRanges"":[],""entityRanges"":[],""data"":{}}],""entityMap"":{}}",169258.0,15824,169258,169258,2021-03-02T08:44:14Z,2021-03-02T08:57:53Z,True,
41787,142966,"R for øvede, Trine",2021-02-09,6000.0,15000.0,1.0,True,True,"{""blocks"":[{""key"":""adig0"",""text"":"""",""type"":""unstyled"",""depth"":0,""inlineStyleRanges"":[],""entityRanges"":[],""data"":{}}],""entityMap"":{}}",169258.0,15824,169258,169258,2021-03-02T08:44:40Z,2021-03-02T08:57:53Z,True,
41788,142966,Matlab for begyndere,2021-02-09,6000.0,15000.0,1.0,True,True,"{""blocks"":[{""key"":""dq5o7"",""text"":"""",""type"":""unstyled"",""depth"":0,""inlineStyleRanges"":[],""entityRanges"":[],""data"":{}}],""entityMap"":{}}",169258.0,15824,169258,169258,2021-03-02T08:44:59Z,2021-03-02T08:57:53Z,True,
41789,142966,Latex med Rune,2021-02-09,0.0,15000.0,1.0,True,True,,169258.0,15824,169258,169258,2021-03-02T08:45:43Z,2021-03-02T08:57:53Z,True,
45188,161175,Animator,2021-04-06,25000.0,37500.0,1.0,True,True,,179430.0,15824,179430,179430,2021-04-06T14:04:08Z,2021-04-06T14:41:55Z,True,464581.0
45189,161175,Producer (Sonja) animationsfilm,2021-04-06,12500.0,18750.0,1.0,True,True,,179430.0,15824,179430,179430,2021-04-06T14:30:24Z,2021-04-06T14:30:24Z,True,464581.0
45192,161175,Optagelse og klip af rådgiverfilm (Sonderhave Photography),2021-04-06,7000.0,10500.0,1.0,True,True,,179430.0,15824,179430,179430,2021-04-06T14:34:44Z,2021-04-06T14:34:44Z,True,477720.0
45193,161175,Kvalitativ analyse fra Pigment,2021-04-06,15200.0,22800.0,1.0,True,True,,179430.0,15824,179430,179430,2021-04-06T14:37:53Z,2021-04-06T14:37:53Z,True,464580.0
45196,161175,Voice artist,2021-04-06,1500.0,2250.0,1.0,True,True,,179430.0,15824,179430,179430,2021-04-06T14:42:26Z,2021-04-13T07:42:54Z,True,464581.0
45197,161175,Sound design for animated explainer,2021-04-06,3000.0,4500.0,1.0,True,True,"{""blocks"":[{""key"":""7oi9m"",""text"":"""",""type"":""unstyled"",""depth"":0,""inlineStyleRanges"":[],""entityRanges"":[],""data"":{}}],""entityMap"":{}}",179430.0,15824,179430,179430,2021-04-06T14:43:27Z,2021-04-13T07:43:03Z,True,
45199,161175,Klipning af compilation video,2021-04-06,6500.0,9750.0,1.0,True,True,,179430.0,15824,179430,147429,2021-04-06T15:04:35Z,2021-09-01T16:23:35Z,True,459754.0
46310,161175,Klipning af Voxpop video (Sonja),2021-04-12,7000.0,10500.0,1.0,True,True,"{""blocks"":[{""key"":""93l77"",""text"":"""",""type"":""unstyled"",""depth"":0,""inlineStyleRanges"":[],""entityRanges"":[],""data"":{}}],""entityMap"":{}}",179430.0,15824,179430,179430,2021-04-20T06:44:28Z,2021-04-20T06:44:55Z,True,464580.0
46311,161175,Sonjas projektledelse og produktion på rådgiverfilm,2021-04-06,12500.0,18750.0,1.0,True,True,,179430.0,15824,179430,179430,2021-04-20T06:46:19Z,2021-04-20T06:47:05Z,True,477720.0
51704,182523,Annonceringsbudget,2021-06-02,7000.0,7000.0,1.0,True,True,,362769.0,15824,362769,362769,2021-06-01T08:38:31Z,2021-06-01T09:01:53Z,True,531267.0
58369,85223,NORF,2021-09-01,10000.0,10000.0,1.0,True,True,"{""blocks"":[{""key"":""4r47r"",""text"":"""",""type"":""unstyled"",""depth"":0,""inlineStyleRanges"":[],""entityRanges"":[],""data"":{}}],""entityMap"":{}}",147429.0,15824,147429,147429,2021-09-01T15:51:11Z,2021-09-01T15:51:11Z,True,
58375,145018,"Sonderhave Photography, Back to Work-videoer",2021-09-01,9850.0,14775.0,1.0,True,True,"{""blocks"":[{""key"":""6j858"",""text"":"""",""type"":""unstyled"",""depth"":0,""inlineStyleRanges"":[],""entityRanges"":[],""data"":{}}],""entityMap"":{}}",147429.0,15824,147429,147429,2021-09-01T16:26:35Z,2021-09-01T16:26:35Z,True,
58381,214278,Sonderhave: Total-versionering af PPClinic-film,2021-09-01,1000.0,9000.0,1.0,True,True,,147429.0,15824,147429,147429,2021-09-01T16:47:07Z,2021-09-01T16:47:07Z,,
58382,214278,Sonderhave: Mærsk Drilling-versionering af PPClinic-film,2021-09-01,1000.0,9000.0,1.0,True,True,,147429.0,15824,147429,147429,2021-09-01T16:47:11Z,2021-09-01T16:47:29Z,,
59213,218021,Speak til explainervideo ,2021-09-14,593.47,,1.0,True,False,,390873.0,15824,390873,390873,2021-09-14T14:11:17Z,2021-09-14T14:11:17Z,,639848.0
59632,218021,Lyddesign,2021-09-16,2800.0,,1.0,True,False,,179430.0,15824,179430,179430,2021-09-20T19:42:24Z,2021-09-20T19:42:24Z,,639848.0
63835,215487,Stock videos,2021-10-21,878.0,,1.0,True,False,,390873.0,15824,390873,390873,2021-10-21T10:14:45Z,2021-10-21T10:14:45Z,,677734.0
64240,228910,Animationsvideo ,2021-10-27,36000.0,36000.0,1.0,True,True,,390873.0,15824,390873,390873,2021-10-27T11:46:20Z,2021-11-03T16:43:15Z,True,676138.0
64241,228910,Interviewvideo,2021-10-27,18000.0,18000.0,1.0,True,True,,390873.0,15824,390873,390873,2021-10-27T11:47:15Z,2021-11-03T16:43:25Z,True,676131.0
65093,228910,Lyddesign,2021-11-03,1000.0,1000.0,1.0,True,True,,390873.0,15824,390873,390873,2021-11-03T16:41:39Z,2021-11-03T16:43:06Z,True,676131.0
66630,231805,Raspberry Pi 0,2021-11-22,288.0,288.0,1.0,True,True,,362769.0,15824,362769,179430,2021-11-18T09:33:03Z,2022-03-21T21:34:30Z,True,690361.0
68478,248898,Videograf og Animator,2021-12-07,68500.0,,1.0,True,False,,390873.0,15824,390873,390873,2021-12-07T15:39:44Z,2021-12-07T15:39:44Z,,
68729,222624,Produktion af animationsvideo'er,2021-12-06,68500.0,,1.0,True,False,,390873.0,15824,390873,390873,2021-12-09T07:49:26Z,2021-12-09T07:49:26Z,,
71127,241074,Font,2022-01-04,290.0,290.0,1.0,True,True,,416854.0,15824,390873,390873,2022-01-04T15:06:04Z,2022-01-04T15:06:41Z,True,722790.0
83074,274169,Salgsbonus til Nikolaj,2022-04-06,8800.0,,1.0,True,False,"{""blocks"":[{""key"":""4719g"",""text"":"""",""type"":""unstyled"",""depth"":0,""inlineStyleRanges"":[],""entityRanges"":[],""data"":{}}],""entityMap"":{}}",179430.0,15824,179430,179430,2022-04-06T16:14:29Z,2022-04-06T16:14:56Z,,
84275,274169,3 * USB sticks,2022-04-21,222.0,222.0,1.0,True,True,,452128.0,15824,179430,179430,2022-04-21T06:45:18Z,2022-05-05T14:49:29Z,,842656.0
84940,288651,NORF,2022-04-26,10000.0,20000.0,1.0,True,True,"{""blocks"":[{""key"":""crqif"",""text"":"""",""type"":""unstyled"",""depth"":0,""inlineStyleRanges"":[],""entityRanges"":[],""data"":{}}],""entityMap"":{}}",147429.0,15824,147429,147429,2022-04-26T15:06:17Z,2022-04-26T15:06:17Z,True,
94751,274169,Switch for UDP softlight,2022-08-01,402.67,402.67,1.0,True,True,"{""blocks"":[{""key"":""4ltc"",""text"":""Switch for testing UDP connection with computer without external network."",""type"":""unstyled"",""depth"":0,""inlineStyleRanges"":[],""entityRanges"":[],""data"":{}}],""entityMap"":{}}",488133.0,15824,488133,488133,2022-08-01T08:47:55Z,2022-08-01T08:47:55Z,,842657.0
96726,229136,Udvikling af Nikolaj von Holck (maj),2022-05-06,22500.0,,1.0,True,False,,179430.0,15824,179430,179430,2022-08-22T17:40:16Z,2022-08-22T17:40:16Z,,
96727,229136,Nikolaj von Holck udvikling (august),2022-08-01,16800.0,,1.0,True,False,,179430.0,15824,179430,179430,2022-08-22T17:42:13Z,2022-08-22T17:42:13Z,,
96928,328213,Transport,2022-08-23,600.0,,1.0,True,False,"{""blocks"":[{""key"":""3nl6b"",""text"":"""",""type"":""unstyled"",""depth"":0,""inlineStyleRanges"":[],""entityRanges"":[],""data"":{}}],""entityMap"":{}}",147429.0,15824,147429,147429,2022-08-24T09:46:00Z,2022-08-24T09:46:00Z,,
97613,309792,Speak 1 (Fiverr),2022-09-01,700.0,,1.0,True,False,,147429.0,15824,147429,147429,2022-09-01T12:48:48Z,2022-09-01T12:48:48Z,,
97614,309792,Speak 2,2022-09-01,2500.0,,1.0,True,False,,147429.0,15824,147429,147429,2022-09-01T12:49:03Z,2022-09-01T12:49:03Z,,
97615,309792,Engelsk speak,2022-09-01,750.0,,1.0,True,False,,147429.0,15824,147429,147429,2022-09-01T12:49:17Z,2022-09-01T12:51:53Z,,
97617,309792,Syvsig Lyddesign,2022-09-01,4500.0,,1.0,True,False,,147429.0,15824,147429,147429,2022-09-01T12:50:50Z,2022-11-10T14:36:54Z,,
99415,326884,Freelancer for photos,2022-09-21,7000.0,,1.0,True,False,,179430.0,15824,179430,179430,2022-09-21T06:14:58Z,2022-09-21T06:14:58Z,,
99831,274169,Salgsbonus til Nikolaj for Q3 (særaftale for Wavecare),2022-09-26,10237.5,,1.0,True,False,"{""blocks"":[{""key"":""2k13o"",""text"":"""",""type"":""unstyled"",""depth"":0,""inlineStyleRanges"":[],""entityRanges"":[],""data"":{}}],""entityMap"":{}}",179430.0,15824,179430,179430,2022-09-26T15:53:32Z,2022-09-26T15:53:32Z,,896029.0
99832,274169,Salgsbonus til Nikolaj for Q2 (særaftale for Wavecare),2022-06-30,24015.0,,1.0,True,False,,179430.0,15824,179430,179430,2022-09-26T15:54:45Z,2022-09-26T15:55:22Z,,893774.0
101763,191935,Alexander Menzel,2022-10-06,700.0,700.0,0.5,True,True,"{""blocks"":[{""key"":""c29l8"",""text"":""Alexander Menzel"",""type"":""unstyled"",""depth"":0,""inlineStyleRanges"":[],""entityRanges"":[],""data"":{}}],""entityMap"":{}}",481938.0,15824,481938,481938,2022-10-11T08:05:21Z,2022-10-11T08:05:21Z,,
101764,336510,Alexander Menzel,2022-10-06,500.0,,2.25,True,False,"{""blocks"":[{""key"":""8am5d"",""text"":""Alexander Menzel"",""type"":""unstyled"",""depth"":0,""inlineStyleRanges"":[],""entityRanges"":[],""data"":{}}],""entityMap"":{}}",481938.0,15824,481938,481938,2022-10-11T08:06:14Z,2022-10-11T08:06:33Z,,
101765,171382,Alexander Menzel,2022-10-06,500.0,500.0,3.75,True,True,"{""blocks"":[{""key"":""4v3nh"",""text"":""Alexander Menzel"",""type"":""unstyled"",""depth"":0,""inlineStyleRanges"":[],""entityRanges"":[],""data"":{}}],""entityMap"":{}}",481938.0,15824,481938,481938,2022-10-11T08:07:07Z,2022-10-11T08:07:07Z,,
101766,265441,Alexander Menzel,2022-10-11,500.0,500.0,1.0,True,True,"{""blocks"":[{""key"":""b9gaq"",""text"":""Alexander Menzel"",""type"":""unstyled"",""depth"":0,""inlineStyleRanges"":[],""entityRanges"":[],""data"":{}}],""entityMap"":{}}",481938.0,15824,481938,481938,2022-10-11T08:07:31Z,2022-10-11T08:07:31Z,,
101767,296967,Alexander Menzel,2022-10-11,700.0,,34.0,True,False,"{""blocks"":[{""key"":""eqi8j"",""text"":""Alexander Menzel"",""type"":""unstyled"",""depth"":0,""inlineStyleRanges"":[],""entityRanges"":[],""data"":{}}],""entityMap"":{}}",481938.0,15824,481938,481938,2022-10-11T08:07:58Z,2022-10-11T08:07:58Z,,
109558,337409,Shutterstock Hero Videos,2022-10-17,1709.0,,1.0,True,False,,346924.0,15824,346924,346924,2023-01-04T08:16:32Z,2023-01-04T08:16:32Z,,1055093.0
145491,419069,Impuls Film - produktion af interviewfilm,2024-01-31,25350.0,50700.0,1.0,True,True,,179430.0,15824,179430,179430,2024-02-07T07:42:15Z,2024-02-07T07:42:15Z,True,1348013.0
145495,419069,Impuls Film - Animationsvideo,2024-01-31,32500.0,65000.0,1.0,True,True,,179430.0,15824,179430,179430,2024-02-07T07:43:52Z,2024-02-07T07:43:52Z,True,1348012.0
154675,444660,Comission,2024-06-07,23700.0,23700.0,1.0,True,True,"{""blocks"":[{""key"":""9lavd"",""text"":"""",""type"":""unstyled"",""depth"":0,""inlineStyleRanges"":[],""entityRanges"":[],""data"":{}}],""entityMap"":{}}",179430.0,15824,179430,179430,2024-06-04T15:54:14Z,2024-06-04T15:54:14Z,True,
156662,440682,Asger,2024-06-20,55000.0,55000.0,1.0,True,True,,481938.0,15824,481938,481938,2024-07-01T14:49:20Z,2024-07-01T14:51:07Z,True,
158061,441317,Silas freelancer,2024-06-30,12500.0,,1.0,True,False,,179430.0,15824,179430,179430,2024-07-10T14:02:02Z,2024-07-10T14:02:02Z,False,
